original_lon,original_lat,distance,formatted,latitude,longitude,name,housenumber,street,district,suburb,postcode,county_code,city,county,state,state_code,country,country_code,attribution,attribution_license,attribution_url
-86.79912216961384,36.14688837389899,0,"Starbucks, 21st Avenue South, Nashville, TN 37235-1826, United States of America",36.146887500000005,-86.7991220292692,Starbucks,,21st Avenue South,,,37235-1826,,Nashville,Davidson County,Tennessee,TN,United States,us,© OpenStreetMap contributors,Open Database License,https://www.openstreetmap.org/copyright
-80.84855899214743,35.22487110486726,0,"Mint Museum Uptown, 525 South Church Street, Charlotte, NC, United States of America",35.224731500000004,-80.84858582949668,Mint Museum Uptown,525,South Church Street,,Uptown,,,Charlotte,Mecklenburg County,North Carolina,NC,United States,us,© OpenStreetMap contributors,Open Database License,https://www.openstreetmap.org/copyright
-118.24404850602149,34.03139071663115,0,"McDonald's, East Olympic Boulevard, Los Angeles, CA 90021, United States of America",34.03139495,-118.24404963223071,McDonald's,,East Olympic Boulevard,,Downtown,90021,,Los Angeles,Los Angeles County,California,CA,United States,us,© OpenStreetMap contributors,Open Database License,https://www.openstreetmap.org/copyright
-121.48117303848265,38.56949915794817,0,"2104 P Street, Sacramento, CA 95816, United States of America",38.5694663,-121.48118322439694,,2104,P Street,,,95816,,Sacramento,Sacramento County,California,CA,United States,us,© OpenStreetMap contributors,Open Database License,https://www.openstreetmap.org/copyright
-73.78574073314665,42.6533215761287,0,"XtraMart, 247 New Scotland Avenue, Albany, NY 12208, United States of America",42.6533163,-73.785698,XtraMart,247,New Scotland Avenue,,Pine Hills,12208,,Albany,Albany County,New York,NY,United States,us,© OpenStreetMap contributors,Open Database License,https://www.openstreetmap.org/copyright
-73.96860435605049,40.7611739056597,0,"Chick-fil-A, 711 Lexington Avenue, New York, NY 10022, United States of America",40.761180100000004,-73.96861624738895,Chick-fil-A,711,Lexington Avenue,,Manhattan,10022,,New York,New York County,New York,NY,United States,us,© OpenStreetMap contributors,Open Database License,https://www.openstreetmap.org/copyright
-97.73836746811867,30.313358512939928,0.9996482417326124,"Chili's, West 45th Street, Austin, TX 78756, United States of America",30.3133675,-97.7383672,Chili's,,West 45th Street,,The Triangle,78756,,Austin,Travis County,Texas,TX,United States,us,© OpenStreetMap contributors,Open Database License,https://www.openstreetmap.org/copyright
-122.33254976570605,47.60809890760792,0,"YWCA Building, 501 Seneca Street, Seattle, WA 98138, United States of America",47.6080984,-122.332551,YWCA Building,501,Seneca Street,,First Hill,98138,,Seattle,King County,Washington,WA,United States,us,© OpenStreetMap contributors,Open Database License,https://www.openstreetmap.org/copyright
-122.68025793135165,45.516616575038356,0,"PMC, 1025 Southwest 6th Avenue, Portland, OR 97204, United States of America",45.516918000000004,-122.68016686568924,PMC,1025,Southwest 6th Avenue,,Downtown,97204,,Portland,Multnomah County,Oregon,OR,United States,us,© OpenStreetMap contributors,Open Database License,https://www.openstreetmap.org/copyright
-103.86317498981953,44.49019285957915,0,"Arby's, West Jackson Boulevard, Spearfish, SD 57783, United States of America",44.49020795,-103.86317705660676,Arby's,,West Jackson Boulevard,,Downtown Spearfish,57783,,Spearfish,Lawrence County,South Dakota,SD,United States,us,© OpenStreetMap contributors,Open Database License,https://www.openstreetmap.org/copyright
-112.01820015907288,46.59130125414803,0,"Starbucks, Prospect Avenue, Helena, MT 59620, United States of America",46.59132095,-112.01823315,Starbucks,,Prospect Avenue,,Prospect,59620,,Helena,Lewis and Clark County,Montana,MT,United States,us,© OpenStreetMap contributors,Open Database License,https://www.openstreetmap.org/copyright
-111.87207274138927,40.760912335854414,0,"665 400 South, Salt Lake City, UT 84102, United States of America",40.76102055,-111.87195478045406,,665,400 South,,Central City,84102,,Salt Lake City,Salt Lake County,Utah,UT,United States,us,© OpenStreetMap contributors,Open Database License,https://www.openstreetmap.org/copyright
-115.15441730618477,36.143928881351044,0.18093429141896047,"Starbucks, East Sahara Avenue, Las Vegas, NV 89104-2530, United States of America",36.143928,-115.154419,Starbucks,,East Sahara Avenue,,Beverly Green,89104-2530,,Las Vegas,Clark County,Nevada,NV,United States,us,© OpenStreetMap contributors,Open Database License,https://www.openstreetmap.org/copyright
-116.20429158210753,43.62090264356586,0,"Subway, West State Street, Boise, ID 83701, United States of America",43.62089435,-116.20429924489127,Subway,,West State Street,,North End,83701,,Boise,Ada County,Idaho,ID,United States,us,© OpenStreetMap contributors,Open Database License,https://www.openstreetmap.org/copyright
-112.07098837941885,33.449511105551245,0,"Phoenix Convention Center, 208 East Monroe Street, Phoenix, AZ 85004-1905, United States of America",33.4502494,-112.0707456,Phoenix Convention Center,208,East Monroe Street,,,85004-1905,,Phoenix,Maricopa County,Arizona,AZ,United States,us,© OpenStreetMap contributors,Open Database License,https://www.openstreetmap.org/copyright
-105.00470101833344,39.73964574105882,0,"1350 West Colfax Avenue, Denver, CO 80204, United States of America",39.7396507,-105.00463744991978,,1350,West Colfax Avenue,,Lincoln Park,80204,,Denver,,Colorado,CO,United States,us,© OpenStreetMap contributors,Open Database License,https://www.openstreetmap.org/copyright
-104.81698125600815,41.13800308053429,0,"Starbucks, 2111 Central Avenue, Cheyenne, WY 82001, United States of America",41.138002549999996,-104.8169807,Starbucks,2111,Central Avenue,,,82001,,Cheyenne,Laramie County,Wyoming,WY,United States,us,© OpenStreetMap contributors,Open Database License,https://www.openstreetmap.org/copyright
-100.7821174710989,46.805053397185425,0,"McDonald's, 605 East Main Avenue, Bismarck, ND 58501, United States of America",46.805076400000004,-100.78211582218064,McDonald's,605,East Main Avenue,,,58501,,Bismarck,Burleigh County,North Dakota,ND,United States,us,© OpenStreetMap contributors,Open Database License,https://www.openstreetmap.org/copyright
-105.93986693769692,35.687269944942116,0,"Laughlin Building, 106 West San Francisco Street, Santa Fe, NM 87501, United States of America",35.6872698,-105.9398685,Laughlin Building,106,West San Francisco Street,,,87501,,Santa Fe,Santa Fe County,New Mexico,NM,United States,us,© OpenStreetMap contributors,Open Database License,https://www.openstreetmap.org/copyright
-96.80038288235663,32.78475351529697,0,"Starbucks, North Ervay Street, Dallas, TX 75201, United States of America",32.784760399999996,-96.80037690063358,Starbucks,,North Ervay Street,,West End Historic District,75201,,Dallas,Dallas County,Texas,TX,United States,us,© OpenStreetMap contributors,Open Database License,https://www.openstreetmap.org/copyright
-97.51569449901581,35.467846632880196,0,"Main Street Parking Garage, 119 West Main Street, Oklahoma City, OK 73102, United States of America",35.46802975,-97.5155698921873,Main Street Parking Garage,119,West Main Street,,Central Business District,73102,,Oklahoma City,Oklahoma County,Oklahoma,OK,United States,us,© OpenStreetMap contributors,Open Database License,https://www.openstreetmap.org/copyright
-94.69098675996065,38.97178064850834,0,"Pizza Hut, West 87th Street, Overland Park, KS 66212, United States of America",38.971794,-94.69099537227274,Pizza Hut,,West 87th Street,,Elmhurst,66212,,Overland Park,Johnson County,Kansas,KS,United States,us,© OpenStreetMap contributors,Open Database License,https://www.openstreetmap.org/copyright
-90.06530709564684,29.953156448093164,0,"237 North Peters Street, New Orleans, LA 70130, United States of America",29.9531968,-90.06537064958997,,237,North Peters Street,,French Quarter,70130,,New Orleans,Orleans Parish,Louisiana,LA,United States,us,© OpenStreetMap contributors,Open Database License,https://www.openstreetmap.org/copyright
-90.17028540372849,32.30367246860857,0,"Arby's, High Street, Jackson, MS 39202, United States of America",32.303651,-90.17028484567855,Arby's,,High Street,,,39202,,Jackson,Hinds County,Mississippi,MS,United States,us,© OpenStreetMap contributors,Open Database License,https://www.openstreetmap.org/copyright
-86.26622021198273,32.36372102670951,0,"Arby's, Zelda Road, Montgomery, AL 36106, United States of America",32.36372215,-86.26621955294505,Arby's,,Zelda Road,,Grove Hill,36106,,Montgomery,Montgomery County,Alabama,AL,United States,us,© OpenStreetMap contributors,Open Database License,https://www.openstreetmap.org/copyright
-84.39182013273239,33.74848959409616,0,"Atlanta Public Schools - Headquarters, 130 Trinity Avenue Southwest, Atlanta, GA 30303, United States of America",33.74830855,-84.3921178,Atlanta Public Schools - Headquarters,130,Trinity Avenue Southwest,,South Downtown,30303,,Atlanta,Fulton County,Georgia,GA,United States,us,© OpenStreetMap contributors,Open Database License,https://www.openstreetmap.org/copyright
-81.37882970273495,28.538889156990717,0,"Grand Bohemian Hotel Orlando, Autograph Collection, Lymmo, Orlando, FL 32801, United States of America",28.538777500000002,-81.378598912358,"Grand Bohemian Hotel Orlando, Autograph Collection",,Lymmo,,,32801,,Orlando,Orange County,Florida,FL,United States,us,© OpenStreetMap contributors,Open Database License,https://www.openstreetmap.org/copyright
-84.2812417075038,30.412146272188057,0,"McDonald's, South Monroe Street, Tallahassee, FL 32301-6977, United States of America",30.41210405,-84.28124025895511,McDonald's,,South Monroe Street,,,32301-6977,,Tallahassee,Leon County,Florida,FL,United States,us,© OpenStreetMap contributors,Open Database License,https://www.openstreetmap.org/copyright
-79.95475172996521,32.7871572721836,0.4750540562507757,"McDonald's, Spring Street, Charleston, SC 29425, United States of America",32.787153,-79.9547517,McDonald's,,Spring Street,,Gadsden Green Homes,29425,,Charleston,Charleston County,South Carolina,SC,United States,us,© OpenStreetMap contributors,Open Database License,https://www.openstreetmap.org/copyright
-77.44853384792805,37.543805070369686,0,"Cary and Belvidere Residential College, 101 South Belvidere Street, Richmond, VA 23220, United States of America",37.5437571,-77.4486719,Cary and Belvidere Residential College,101,South Belvidere Street,,Oregon Hill,23220,,Richmond,,Virginia,VA,United States,us,© OpenStreetMap contributors,Open Database License,https://www.openstreetmap.org/copyright
-84.49192017316818,38.04203084954843,0,"Main + Rose, 350 East Short Street, Lexington, KY 40507, United States of America",38.042521199999996,-84.49162516626437,Main + Rose,350,East Short Street,,Central Business District,40507,,Lexington,Fayette County,Kentucky,KY,United States,us,© OpenStreetMap contributors,Open Database License,https://www.openstreetmap.org/copyright
-81.63624063134192,38.353002797131495,0.8566473348972498,"Chili's, Court Street, Charleston, WV 25301, United States of America",38.3530105,-81.6362408,Chili's,,Court Street,,Charleston Town Center Mall,25301,,Charleston,Kanawha County,West Virginia,WV,United States,us,© OpenStreetMap contributors,Open Database License,https://www.openstreetmap.org/copyright
-92.31726363301277,34.7506684545979,0,"Subway, Plateau Street, Little Rock, AR 72205, United States of America",34.750676,-92.31726842646503,Subway,,Plateau Street,,Pulaski Heights,72205,,Little Rock,Pulaski County,Arkansas,AR,United States,us,© OpenStreetMap contributors,Open Database License,https://www.openstreetmap.org/copyright
-92.20654606819151,38.58086554464831,2.3103922903655367,"Papa John's, Missouri Boulevard, Jefferson City, MO 65102, United States of America",38.5808854,-92.2065539,Papa John's,,Missouri Boulevard,Jefferson Township,,65102,,Jefferson City,Cole County,Missouri,MO,United States,us,© OpenStreetMap contributors,Open Database License,https://www.openstreetmap.org/copyright
-93.63050132989883,41.585801626192,0,"Temple Theater, 1011 Locust Street, Des Moines, IA 50309, United States of America",41.5859734,-93.63031180892614,Temple Theater,1011,Locust Street,,Western Gateway,50309,,Des Moines,Polk County,Iowa,IA,United States,us,© OpenStreetMap contributors,Open Database License,https://www.openstreetmap.org/copyright
-93.1228369474411,44.93101901689189,0,"McDonald's, Jefferson Avenue, Saint Paul, MN 55105, United States of America",44.9310224,-93.12284135,McDonald's,,Jefferson Avenue,,West Seventh - Fort Road,55105,,Saint Paul,Ramsey County,Minnesota,MN,United States,us,© OpenStreetMap contributors,Open Database License,https://www.openstreetmap.org/copyright
-89.66103583574295,39.802644987727405,0,"522 West Jefferson Street, Springfield, IL 62702, United States of America",39.802610599999994,-89.66103756959541,,522,West Jefferson Street,,,62702,,Springfield,Sangamon County,Illinois,IL,United States,us,© OpenStreetMap contributors,Open Database License,https://www.openstreetmap.org/copyright
-86.14189445972443,39.76652318000994,0,"Hardee's, East Washington Street, Indianapolis, IN 46219, United States of America",39.766521600000004,-86.1418969,Hardee's,,East Washington Street,Near Eastside,Irish Hill,46219,,Indianapolis,Marion County,Indiana,IN,United States,us,© OpenStreetMap contributors,Open Database License,https://www.openstreetmap.org/copyright
-89.4045415520668,43.06801777542838,0,"McDonald's, 1102 Regent Street, Madison, WI 53706, United States of America",43.068036500000005,-89.40453265,McDonald's,1102,Regent Street,,South Campus,53706,,Madison,Dane County,Wisconsin,WI,United States,us,© OpenStreetMap contributors,Open Database License,https://www.openstreetmap.org/copyright
-84.54517543315887,42.729496099209065,0.3101582753959643,"Wendy's, 413 South Cedar Street, Lansing, MI 48910, United States of America",42.7294985,-84.5451735,Wendy's,413,South Cedar Street,Lansing,Stadium District,48910,,Lansing,Ingham County,Michigan,MI,United States,us,© OpenStreetMap contributors,Open Database License,https://www.openstreetmap.org/copyright
-84.51026681810617,39.10243263012499,0,"AT580, 580 Walnut Street, Cincinnati, OH 45202-2209, United States of America",39.10243505,-84.510806603536,AT580,580,Walnut Street,,Over-the-Rhine,45202-2209,,Cincinnati,Hamilton County,Ohio,OH,United States,us,© OpenStreetMap contributors,Open Database License,https://www.openstreetmap.org/copyright
-75.15192322432995,39.95074731734151,0,"Park Safe System, 618 Market Street, Philadelphia, PA 19106, United States of America",39.9506236,-75.15168916224184,Park Safe System,618,Market Street,,Center City,19106,,Philadelphia,Philadelphia County,Pennsylvania,PA,United States,us,© OpenStreetMap contributors,Open Database License,https://www.openstreetmap.org/copyright
-75.67333459854126,41.39976105657954,0,"McDonald's, Beech Street, Scranton, PA 18505, United States of America",41.39976455,-75.67330953469387,McDonald's,,Beech Street,,South Side Shopping Center,18505,,Scranton,Lackawanna County,Pennsylvania,PA,United States,us,© OpenStreetMap contributors,Open Database License,https://www.openstreetmap.org/copyright
-72.55165100097656,44.227436572096785,0,"McDonald's, 1332 Barre-Montpelier Road, Berlin, VT 05641, United States of America",44.227474650000005,-72.5515651,McDonald's,1332,Barre-Montpelier Road,,,05641,,Berlin,Washington County,Vermont,VT,United States,us,© OpenStreetMap contributors,Open Database License,https://www.openstreetmap.org/copyright
-71.53238408267497,43.21377658684619,0.19741384552300842,"Panera Bread, Fort Eddy Road, Concord, NH 03301, United States of America",43.2137782,-71.5323851,Panera Bread,,Fort Eddy Road,Concord,,03301,,Concord,Merrimack County,New Hampshire,NH,United States,us,© OpenStreetMap contributors,Open Database License,https://www.openstreetmap.org/copyright
-71.05790700763464,42.35774566205925,0,"Journal Building, 262 Washington Street, Boston, MA 02201, United States of America",42.357718250000005,-71.05778556872815,Journal Building,262,Washington Street,,Downtown Boston,02201,,Boston,Suffolk County,Massachusetts,MA,United States,us,© OpenStreetMap contributors,Open Database License,https://www.openstreetmap.org/copyright
-72.69923821091652,41.75848172053135,5.130763999069664,"Subway, Park Street, Hartford, CT 06106, United States of America",41.7585276,-72.6992448,Subway,,Park Street,Hartford,Frog Hollow Historic District,06106,,Hartford,Hartford County,Connecticut,CT,United States,us,© OpenStreetMap contributors,Open Database License,https://www.openstreetmap.org/copyright
-74.74012736231089,40.20311474883299,0.09390039199408456,"Popeyes, 1284 South Broad Street, Trenton, NJ 08610, United States of America",40.2031153,-74.7401282,Popeyes,1284,South Broad Street,Trenton,,08610,,Trenton,Mercer County,New Jersey,NJ,United States,us,© OpenStreetMap contributors,Open Database License,https://www.openstreetmap.org/copyright
-75.51616251468658,39.17274184525343,0.6930300593020311,"Subway, Halsey Road, Dover, DE 19901-4261, United States of America",39.1727434,-75.5161703,Subway,,Halsey Road,,Edge Hill,19901-4261,,Dover,Kent County,Delaware,DE,United States,us,© OpenStreetMap contributors,Open Database License,https://www.openstreetmap.org/copyright
-71.42020035535097,41.81845368219324,1.6235090131178902,"719 Westminster Street, Providence, RI 02903, United States of America",41.818443,-71.420187,,719,Westminster Street,Providence,Jewelry District,02903,,Providence,Providence County,Rhode Island,RI,United States,us,© OpenAddresses contributors,BSD-3-Clause License,
-77.04361751675606,38.91043197834528,0.041881520133100945,"Starbucks, 19th Street Northwest, Washington, DC 20009, United States of America",38.910432,-77.043618,Starbucks,,19th Street Northwest,,Dupont Circle,20009,,Washington,District of Columbia,District of Columbia,DC,United States,us,© OpenStreetMap contributors,Open Database License,https://www.openstreetmap.org/copyright
-76.61548096686602,39.299476468411626,0,"Subway, 827 North Charles Street, Baltimore, MD 21201, United States of America",39.29947355,-76.61555581225315,Subway,827,North Charles Street,,Mount Vernon,21201,,Baltimore,,Maryland,MD,United States,us,© OpenStreetMap contributors,Open Database License,https://www.openstreetmap.org/copyright
-77.68626809120178,43.131667484840385,0,"McDonald's, 1965 Chili Avenue, Rochester, NY 14624, United States of America",43.13168055,-77.68626873882994,McDonald's,1965,Chili Avenue,,Tressmar,14624,,Rochester,Monroe County,New York,NY,United States,us,© OpenStreetMap contributors,Open Database License,https://www.openstreetmap.org/copyright
-69.78207036852837,44.310761443359475,0,"Dunkin', 22 Melville Street, Augusta, ME 04330, United States of America",44.31078805,-69.7820683626133,Dunkin',22,Melville Street,,,04330,,Augusta,Kennebec County,Maine,ME,United States,us,© OpenStreetMap contributors,Open Database License,https://www.openstreetmap.org/copyright
-93.7013129889965,32.527074963173014,0,"Starbucks, 1979 Airline Drive, Bossier City, LA 71112, United States of America",32.52707495,-93.7013096,Starbucks,1979,Airline Drive,,Southern Terrace,71112,,Bossier City,Bossier Parish,Louisiana,LA,United States,us,© OpenStreetMap contributors,Open Database License,https://www.openstreetmap.org/copyright
-97.335785664618,37.680323377838576,0,"Subway, South Broadway Avenue, Wichita, KS 67202, United States of America",37.6803242,-97.33578532635354,Subway,,South Broadway Avenue,,,67202,,Wichita,Sedgwick County,Kansas,KS,United States,us,© OpenStreetMap contributors,Open Database License,https://www.openstreetmap.org/copyright
-96.70022651553154,40.815552974643225,0,"Arby's, Q Street, Lincoln, NE 68503, United States of America",40.81559635,-96.70022799703166,Arby's,,Q Street,,Downtown,68503,,Lincoln,Lancaster County,Nebraska,NE,United States,us,© OpenStreetMap contributors,Open Database License,https://www.openstreetmap.org/copyright
-101.86948299407959,35.164160921873915,1.2765818071603903,"Waffle House, Southwest 45th Avenue, Amarillo, TX 79109, United States of America",35.1641696,-101.8694738,Waffle House,,Southwest 45th Avenue,,,79109,,Amarillo,Randall County,Texas,TX,United States,us,© OpenStreetMap contributors,Open Database License,https://www.openstreetmap.org/copyright
-96.71472251415253,43.54639213138039,0.4861495075426622,"McDonald's, East 10th Street, Sioux Falls, SD 57117, United States of America",43.5463941,-96.7147279,McDonald's,,East 10th Street,Sioux Falls,,57117,,Sioux Falls,Minnehaha County,South Dakota,SD,United States,us,© OpenStreetMap contributors,Open Database License,https://www.openstreetmap.org/copyright
-119.79219675064087,36.73621984540639,0.33386089015109616,"Subway, Fresno Street, Fresno, CA 93721, United States of America",36.7362185,-119.7922001,Subway,,Fresno Street,,Fulton Mall,93721,,Fresno,Fresno County,California,CA,United States,us,© OpenStreetMap contributors,Open Database License,https://www.openstreetmap.org/copyright
-122.41727270185946,37.77704724231488,0.16364040196425927,"Starbucks, 1390 Market Street, San Francisco, CA 94102, United States of America",37.777046,-122.4172737,Starbucks,1390,Market Street,,Civic Center,94102,,San Francisco,San Francisco County,California,CA,United States,us,© OpenStreetMap contributors,Open Database License,https://www.openstreetmap.org/copyright
-124.14718821644783,40.79927387880449,0,"Starbucks, Hill Street, Eureka, CA 95501, United States of America",40.7992706,-124.14718531278305,Starbucks,,Hill Street,,,95501,,Eureka,Humboldt County,California,CA,United States,us,© OpenStreetMap contributors,Open Database License,https://www.openstreetmap.org/copyright
-106.45195797085762,31.713183102663933,0,"McDonald's, Avenida Adolfo Lopez Mateos, 32390 Ciudad Juárez, CHH, Mexico",31.7131829,-106.4519608,McDonald's,,Avenida Adolfo Lopez Mateos,,,32390,,Ciudad Juárez,Municipio de Juárez,Chihuahua,CHH,Mexico,mx,© OpenStreetMap contributors,Open Database License,https://www.openstreetmap.org/copyright
-110.98613172769547,29.086136840388203,0,"McDonald's, Boulevard Solidaridad, 83246 Hermosillo, SON, Mexico",29.0861503,-110.98612893197657,McDonald's,,Boulevard Solidaridad,,,83246,,Hermosillo,Hermosillo,Sonora,SON,Mexico,mx,© OpenStreetMap contributors,Open Database License,https://www.openstreetmap.org/copyright
-66.11585609614848,18.464889071869383,0.17988264691430358,"Pizza Hut, Calle de la Fortaleza, San Juan, PR 00901, United States of America",18.4648877,-66.115857,Pizza Hut,,Calle de la Fortaleza,Viejo San Juan,La Perla,00901,,San Juan,San Juan,Puerto Rico,PR,United States,us,© OpenStreetMap contributors,Open Database License,https://www.openstreetmap.org/copyright
-76.79303079843521,17.966611739125792,0.33810654709729165,"Burger King, Water Lane, Kingston KINGSTON, Jamaica",17.9666087,-76.7930309,Burger King,,Water Lane,,,KINGSTON,,Kingston,Kingston and Saint Andrew Corporation,Saint Andrew,,Jamaica,jm,© OpenStreetMap contributors,Open Database License,https://www.openstreetmap.org/copyright
-77.10606202483177,18.40676223952038,0,"KFC, 22 Main Street, Buckfield, Ocho Rios JM19, Jamaica",18.40675265,-77.1060627724221,KFC,22,Main Street,Ocho Rios,Buckfield,JM19,,Ocho Rios,Saint Ann,,,Jamaica,jm,© OpenStreetMap contributors,Open Database License,https://www.openstreetmap.org/copyright
-77.92117193341255,18.453693610069273,0.38114932082531167,"Pizza Hut, Alice Eldemire Drive, Montego Freeport, 33068, Jamaica",18.4536902,-77.9211723,Pizza Hut,,Alice Eldemire Drive,,Montego Freeport,33068,,,Saint James,Saint James,,Jamaica,jm,© OpenStreetMap contributors,Open Database License,https://www.openstreetmap.org/copyright
-104.61877942085266,50.45059957123698,0.03682256158284353,"Burger King, Sinton Lane, Regina, SK S4P 0K5, Canada",50.4505997,-104.6187799,Burger King,,Sinton Lane,,,S4P 0K5,,Regina,Regina (city),Saskatchewan,SK,Canada,ca,© OpenStreetMap contributors,Open Database License,https://www.openstreetmap.org/copyright
-79.39326614141463,43.6401656426327,0.1923389966487588,"Starbucks, Spadina Avenue, Toronto, ON M5V 3Y7, Canada",43.6401669,-79.3932645,Starbucks,,Spadina Avenue,Old Toronto,CityPlace,M5V 3Y7,,Toronto,Golden Horseshoe,Ontario,ON,Canada,ca,© OpenStreetMap contributors,Open Database License,https://www.openstreetmap.org/copyright
-87.28624016046524,36.597886979687,0,"Chick-fil-A, 3096 Wilma Rudolph Boulevard, Clarksville, TN 37040, United States of America",36.5978971,-87.2862646023684,Chick-fil-A,3096,Wilma Rudolph Boulevard,,,37040,,Clarksville,Montgomery County,Tennessee,TN,United States,us,© OpenStreetMap contributors,Open Database License,https://www.openstreetmap.org/copyright
-73.60542118549347,45.47754893197796,0.11832614957287542,"Starbucks, 4943 Sherbrooke Street West, Westmount, QC H3Z 1H3, Canada",45.477549,-73.6054227,Starbucks,4943,Sherbrooke Street West,,,H3Z 1H3,,Westmount,Urban agglomeration of Montreal,Quebec,QC,Canada,ca,© OpenStreetMap contributors,Open Database License,https://www.openstreetmap.org/copyright
-71.21469452977179,46.81222221033957,0,"Huit Cent d'Youville, 800 Rue Saint-Jean, Quebec City, QC G1R 3P4, Canada",46.811925099999996,-71.2149255297696,Huit Cent d'Youville,800,Rue Saint-Jean,La Cité-Limoilou,Vieux-Québec–Cap-Blanc–Colline-Parlementaire,G1R 3P4,,Quebec City,Québec (Agglomération),Quebec,QC,Canada,ca,© OpenStreetMap contributors,Open Database License,https://www.openstreetmap.org/copyright
-97.15348832309246,49.871089067172,0.1977887191010582,"Subway, Corydon Avenue, Winnipeg, MB R3M 0W6, Canada",49.8710908,-97.1534877,Subway,,Corydon Avenue,,Fort Rouge–East Fort Garry,R3M 0W6,,Winnipeg,Winnipeg (city),Manitoba,MB,Canada,ca,© OpenStreetMap contributors,Open Database License,https://www.openstreetmap.org/copyright
-113.49504590034485,53.51551465084006,0,"McDonald's, Gateway Boulevard NW, Edmonton, AB T6E 3X8, Canada",53.5155211,-113.4950381920454,McDonald's,,Gateway Boulevard NW,,Greater Strathcona,T6E 3X8,,Edmonton,Edmonton (city),Alberta,AB,Canada,ca,© OpenStreetMap contributors,Open Database License,https://www.openstreetmap.org/copyright
-123.11539404094219,49.256082681318674,0,"Olive, 3228 Tupper Street, Vancouver, BC V5Z 4S7, Canada",49.256440600000005,-123.11557935381302,Olive,3228,Tupper Street,South Cambie,South Cambie,V5Z 4S7,,Vancouver,Metro Vancouver Regional District,British Columbia,BC,Canada,ca,© OpenStreetMap contributors,Open Database License,https://www.openstreetmap.org/copyright
-149.86729681491852,61.19385973932688,0,"Wendy's, Seward Highway, Anchorage, AK 9501, United States of America",61.19386315,-149.86729425,Wendy's,,Seward Highway,,,9501,,Anchorage,Anchorage,Alaska,AK,United States,us,© OpenStreetMap contributors,Open Database License,https://www.openstreetmap.org/copyright
-147.69179664552212,64.85443214400145,0,"Fred Meyer, 930 Old Steese Highway, Fairbanks, AK 99701, United States of America",64.85467865,-147.69034397106464,Fred Meyer,930,Old Steese Highway,,,99701,,Fairbanks,Fairbanks North Star,Alaska,AK,United States,us,© OpenStreetMap contributors,Open Database License,https://www.openstreetmap.org/copyright
-155.06071865558624,19.698922867128385,0,"Burger King, 368 East Makaʻala Street, Hilo, HI 96720, United States of America",19.6989199,-155.06071805004595,Burger King,368,East Makaʻala Street,,Waiakea Hawaiian Home Land,96720,,Hilo,Hawaiʻi County,Hawaii,HI,United States,us,© OpenStreetMap contributors,Open Database License,https://www.openstreetmap.org/copyright
-157.82984733581543,21.29649807093485,0,"KFC, South Beretania Street, Honolulu, HI 96826, United States of America",21.2964945,-157.82984520033042,KFC,,South Beretania Street,,McCully,96826,,Honolulu,Honolulu County,Hawaii,HI,United States,us,© OpenStreetMap contributors,Open Database License,https://www.openstreetmap.org/copyright
3.377920389175415,6.503216317656674,75.35375714595548,"CCA Lagos, 9 McEwen Street, Onike YABA, LA, Nigeria",6.5034495,3.3785608,CCA Lagos,9,McEwen Street,,,YABA,,Onike,Lagos Mainland,Lagos,LA,Nigeria,ng,© OpenStreetMap contributors,Open Database License,https://www.openstreetmap.org/copyright
-0.17329216003417966,5.621994460739289,0,"Accra Mall, Tetteh Quarshie Interchange, Accra, Ghana",5.62219915,-0.17295202764054157,Accra Mall,,Tetteh Quarshie Interchange,,,EAST LEGON,,Accra,La-Dade-Kotopon Municipal District,Greater Accra Region,,Ghana,gh,© OpenStreetMap contributors,Open Database License,https://www.openstreetmap.org/copyright
31.22239887714386,30.01681856242563,0,"Nile Lounge, Abd Al Aziz Al Seoud Street, Al Manyal, Cairo, 11451, Egypt",30.0165316,31.222291869939575,Nile Lounge,,Abd Al Aziz Al Seoud Street,,Al Manyal,11451,,Cairo,,Cairo,,Egypt,eg,© OpenStreetMap contributors,Open Database License,https://www.openstreetmap.org/copyright
28.039668202400208,-26.200992042504566,0.4876854716826004,"KFC, Lilian Ngoyi Street, Newtown, Johannesburg, 2001, South Africa",-26.2009957,28.0396709,KFC,,Lilian Ngoyi Street,,Newtown,2001,,Johannesburg,City of Johannesburg Metropolitan Municipality,Gauteng,GT,South Africa,za,© OpenStreetMap contributors,Open Database License,https://www.openstreetmap.org/copyright
-74.07585214823484,4.599907618708119,0.034424669528540966,"Subway, Calle 12, UPZ La Candelaria, 111711 Bogota, Colombia",4.5999078,-74.0758524,Subway,,Calle 12,,UPZ La Candelaria,111711,,Bogota,,,,Colombia,co,© OpenStreetMap contributors,Open Database License,https://www.openstreetmap.org/copyright
-84.07683424651623,9.932192139553424,0.2084280106595769,"McDonald's, 5th Street, SJ, Catedral, Centro Catedral, 10104 Costa Rica",9.9321939,-84.0768349,McDonald's,,5th Street,,Centro Catedral,10104,,Catedral,Cantón San José,San José,SJ,Costa Rica,cr,© OpenStreetMap contributors,Open Database License,https://www.openstreetmap.org/copyright
-43.236533403396606,-22.912626112394264,0,"Edifício Orquídea, Rua São Francisco Xavier 553, Maracanã, Rio de Janeiro - RJ, 20550-900, Brazil",-22.9127151,-43.236688010016536,Edifício Orquídea,553,Rua São Francisco Xavier,Zona Norte do Rio de Janeiro,Maracanã,20550-900,,Rio de Janeiro,Região Metropolitana do Rio de Janeiro,Rio de Janeiro,RJ,Brazil,br,© OpenStreetMap contributors,Open Database License,https://www.openstreetmap.org/copyright
-70.67850351333618,-33.45141139229233,0.014692877057267356,"KFC, Avenida Libertador Bernardo O'Higgins, 916 0002 Estación Central, Chile",-33.4514113,-70.6785034,KFC,,Avenida Libertador Bernardo O'Higgins,,Estación Central,9160002,,Estación Central,Provincia de Santiago,Santiago Metropolitan Region,,Chile,cl,© OpenStreetMap contributors,Open Database License,https://www.openstreetmap.org/copyright
36.79945707321167,-1.2955333377758274,0.9230846437080619,"KFC, Argwings Kodhek Road, Nairobi, 30728, Kenya",-1.2955251,36.7994581,KFC,,Argwings Kodhek Road,,Hurlingham,30728,,Nairobi,,Nairobi,,Kenya,ke,© OpenStreetMap contributors,Open Database License,https://www.openstreetmap.org/copyright
-9.15285050868988,38.707115590398985,0.8156062907704705,"McDonald's, Avenida Dom Carlos I, 1200-676 Lisbon, Portugal",38.7071167,-9.1528598,McDonald's,,Avenida Dom Carlos I,Estrela,Estrela,1200-676,,Lisbon,Lisbon,Lisbon,,Portugal,pt,© OpenStreetMap contributors,Open Database License,https://www.openstreetmap.org/copyright
-3.692945837974549,40.40874573559398,0,"Plaza del Emperador Carlos V, 9, 28012 Madrid, Spain",40.40875655,-3.692910673490358,,9,Plaza del Emperador Carlos V,Centro,Embajadores,28012,,Madrid,,Community of Madrid,,Spain,es,© OpenStreetMap contributors,Open Database License,https://www.openstreetmap.org/copyright
2.163504660129547,41.385279352471976,0.4397205014037764,"Dunkin' Coffee, Plaça de la Universitat, 08001 Barcelona, Spain",41.3852818,2.1635088,Dunkin' Coffee,,Plaça de la Universitat,,Sant Antoni,08001,B,Barcelona,Barcelona,Catalonia,,Spain,es,© OpenStreetMap contributors,Open Database License,https://www.openstreetmap.org/copyright
2.356671988964081,48.83072144578374,0.98107068693803,"McDonald's, Place d'Italie, 75013 Paris, France",48.8307271,2.3566617,McDonald's,,Place d'Italie,Paris,13th Arrondissement,75013,,Paris,Paris,Ile-de-France,,France,fr,© OpenStreetMap contributors,Open Database License,https://www.openstreetmap.org/copyright
5.379559770226479,43.29194158316159,0.1188764364184938,"Starbucks, Rue Montgrand, 13006 Marseille, France",43.2919409,5.3795609,Starbucks,,Rue Montgrand,6th Arr.,6th Arrondissement,13006,,Marseille,Bouches-du-Rhône,Provence-Alpes-Côte d'Azur,PAC,France,fr,© OpenStreetMap contributors,Open Database License,https://www.openstreetmap.org/copyright
13.379850983619688,52.50995594589247,0,"Mall of Berlin, Leipziger Platz 12, 10117 Berlin, Germany",52.5105648,13.380964241396857,Mall of Berlin,12,Leipziger Platz,Mitte,Mitte,10117,,Berlin,,,,Germany,de,© OpenStreetMap contributors,Open Database License,https://www.openstreetmap.org/copyright
8.695292472839355,49.409819660230966,0,"Neugasse 1, 69117 Heidelberg, Germany",49.40982685,8.695348789099146,,1,Neugasse,Altstadt,Altstadt,69117,,Heidelberg,,Baden-Württemberg,BW,Germany,de,© OpenStreetMap contributors,Open Database License,https://www.openstreetmap.org/copyright
-0.09294658899307251,51.511763961851564,0.06159534418317546,"Domino's, 29 Queen Street, City of London, EC4R 1BR, United Kingdom",51.5117645,-0.0929468,Domino's,29,Queen Street,City of London,Vintry,EC4R 1BR,,City of London,Greater London,England,ENG,United Kingdom,gb,© OpenStreetMap contributors,Open Database License,https://www.openstreetmap.org/copyright
-4.266530871391296,55.83903947545051,0,"McDonald's, Kingarth Street, Glasgow, G42 7RN, United Kingdom",55.839035800000005,-4.266532277465526,McDonald's,,Kingarth Street,,Strathbungo,G42 7RN,GLG,Glasgow,Glasgow City,Scotland,SCT,United Kingdom,gb,© OpenStreetMap contributors,Open Database License,https://www.openstreetmap.org/copyright
-6.2666259706020355,53.33776335519369,0,"Bishop's Square, Kevin Street Lower, Dublin 8, Dublin, Leinster, Ireland",53.3380572,-6.266701649173467,Bishop's Square,,Kevin Street Lower,Dublin 8,,D02 TD99,,Dublin,Leinster,,,Ireland,ie,© OpenStreetMap contributors,Open Database License,https://www.openstreetmap.org/copyright
-3.177344799041748,51.47796346659286,0,"Starbucks, The Brewery Quarter, Cardiff, CF10 1AD, United Kingdom",51.477954350000005,-3.1773803597222114,Starbucks,,The Brewery Quarter,,Castle,CF10 1AD,CRF,Cardiff,Cardiff,Wales,WLS,United Kingdom,gb,© OpenStreetMap contributors,Open Database License,https://www.openstreetmap.org/copyright
12.487975917756557,41.89744749148299,0.04593227609481713,"Burger King, Via Nazionale, 178/179, 00184 Rome RM, Italy",41.8974479,12.487976,Burger King,178/179,Via Nazionale,Rome,Municipio Roma I,00184,,Rome,Roma Capitale,Lazio,LAZ,Italy,it,© OpenStreetMap contributors,Open Database License,https://www.openstreetmap.org/copyright
14.248764663934708,40.838373728758135,0.18129414504341912,"McDonald's, Galleria Umberto I, 72;73;74;75, 80132 Naples NA, Italy",40.8383744,14.2487627,McDonald's,72;73;74;75,Galleria Umberto I,Naples,San Ferdinando,80132,NA,Naples,Napoli,Campania,CAM,Italy,it,© OpenStreetMap contributors,Open Database License,https://www.openstreetmap.org/copyright
23.73373031616211,37.97590965283456,0.08309319754752943,"McDonald's, Ερμού, 105 63 Athens, Greece",37.9759104,23.7337303,McDonald's,,Ερμού,1st District of Athens,Monastiraki,10563,,Athens,Regional Unit of Central Athens,Attica,,Greece,gr,© OpenStreetMap contributors,Open Database License,https://www.openstreetmap.org/copyright
21.012468338012695,52.222636048713426,0.4142802606475684,"Norway House, Lwowska 19, 00-660 Warsaw, Poland",52.22280365,21.01243458424355,Norway House,19,Lwowska,Warsaw,Śródmieście,00-660,,Warsaw,Warszawa,Masovian Voivodeship,,Poland,pl,© OpenStreetMap contributors,Open Database License,https://www.openstreetmap.org/copyright
7.447610646486283,46.94812866846614,4.752026995568956,"McDonald's, Kornhausplatz, 3011 Bern, Switzerland",46.9481593,7.4476543,McDonald's,,Kornhausplatz,Stadtteil I,Gelbes Quartier,3011,,Bern,Bern-Mittelland administrative district,Bern,BE,Switzerland,ch,© OpenStreetMap contributors,Open Database License,https://www.openstreetmap.org/copyright
4.889696538448334,52.36699644813413,0.032348954181279,"Starbucks, Singel 480, 1017 AW Amsterdam, Netherlands",52.3669967,4.8896963,Starbucks,480,Singel,Centrum,Centrum,1017AW,,Amsterdam,,North Holland,,Netherlands,nl,© OpenStreetMap contributors,Open Database License,https://www.openstreetmap.org/copyright
16.37164793908596,48.205240247151856,0.3659215889141205,"McDonald's, Johannesgasse 3, 1010 Vienna, Austria",48.2052379,16.3716514,McDonald's,3,Johannesgasse,Innere Stadt,Kärntner Viertel,1010,,Vienna,,Vienna,,Austria,at,© OpenStreetMap contributors,Open Database License,https://www.openstreetmap.org/copyright
12.569138556718826,55.67665732256627,8.230136828860587,"Rådhuspladsen 45, 1550 Copenhagen, Denmark",55.676665,12.569008,,45,Rådhuspladsen,Copenhagen,Vester Voldgade,1550,,Copenhagen,,Capital,,Denmark,dk,© OpenAddresses contributors,BSD-3-Clause License,
10.752986669540405,59.91127987433169,0,"Oslo Central Station, Access to tracks 5 and 6, 0050 Oslo, Norway",59.910928049999995,10.752831776633471,Oslo Central Station,,Access to tracks 5 and 6,Sentrum,Sjøtomta,0050,,Oslo,,,,Norway,no,© OpenStreetMap contributors,Open Database License,https://www.openstreetmap.org/copyright
18.071886487305164,59.31672270651993,1.92717291062704,"Starbucks, Götgatan, 116 46 Stockholm, Sweden",59.3167385,18.0718725,Starbucks,,Götgatan,Södermalms stadsdelsområde,Södermalm,116 46,,Stockholm,Stockholm County,Stockholm,,Sweden,se,© OpenStreetMap contributors,Open Database License,https://www.openstreetmap.org/copyright
32.85468567162752,39.91792961662911,0,"Meşrutiyet Caddesi 117, 06420 Ankara, Turkey",39.91792945,32.85474892594368,,117,Meşrutiyet Caddesi,,Meşrutiyet Mahallesi,06420,,Ankara,Ankara,Central Anatolia Region,,Turkey,tr,© OpenStreetMap contributors,Open Database License,https://www.openstreetmap.org/copyright
72.83393204212187,18.93227231696148,0,"Elphinstone Building, Bombay Samachar Marg, Fort, Mumbai Metropolitan Region - 400032, MH, India",18.9323434,72.83410272900421,Elphinstone Building,,Bombay Samachar Marg,Zone 1,Fort,400032,,Mumbai Metropolitan Region,Mumbai City,Maharashtra,MH,India,in,© OpenStreetMap contributors,Open Database License,https://www.openstreetmap.org/copyright
77.22149692475796,28.632828607631396,3.181365996360908,"Jainson, Rajiv Chowk, Connaught Place, New Delhi - 110001, DL, India",28.6328,77.2214974,Jainson,,Rajiv Chowk,Chanakya Puri Tehsil,Connaught Place,110001,,New Delhi,South West,Delhi,DL,India,in,© OpenStreetMap contributors,Open Database License,https://www.openstreetmap.org/copyright
106.70055985450743,10.775646442393173,0,"Rex Hotel, 141, Nguyen Hue Boulevard, Ben Nghe Ward, Ho Chi Minh City, 71006, Vietnam",10.77558105,106.70106665840808,Rex Hotel,141,Nguyen Hue Boulevard,District 1,Ben Nghe Ward,71006,,Ho Chi Minh City,,,,Vietnam,vn,© OpenStreetMap contributors,Open Database License,https://www.openstreetmap.org/copyright
101.63237974047661,3.111233804735104,0.35032896109685197,"Starbucks, Jalan Datuk Abdul Aziz (11/49), PJ State, 46200 Petaling Jaya, Selangor, Malaysia",3.1112355,101.6323824,Starbucks,,Jalan Datuk Abdul Aziz (11/49),Petaling,PJ State,46200,,Petaling Jaya,Petaling,Selangor,,Malaysia,my,© OpenStreetMap contributors,Open Database License,https://www.openstreetmap.org/copyright
103.84642962366343,1.3608929368257732,0,"McDonald's, 1378 Ang Mo Kio Avenue 1, Singapore 569981, Singapore",1.3609174,103.84641593037244,McDonald's,1378,Ang Mo Kio Avenue 1,,Bishan,569981,,Singapore,Central,,,Singapore,sg,© OpenStreetMap contributors,Open Database License,https://www.openstreetmap.org/copyright
120.9954085573554,14.579265637524939,0.17926837459820108,"McDonald's, Santo Sepulcro Street, Manila, 1007 Metro Manila, Philippines",14.5792658,120.9954069,McDonald's,,Santo Sepulcro Street,Fifth District,Paco,1007,,Manila,Capital District,Metro Manila,,Philippines,ph,© OpenStreetMap contributors,Open Database License,https://www.openstreetmap.org/copyright
121.54823362827301,25.04130820049082,0,"龍門大廈, 128 忠孝東路四段, Da'an District, Taipei 10686, Taiwan",25.0413004,121.5480426,龍門大廈,128,忠孝東路四段,,Da'an District,10686,,Taipei,,,,Taiwan,tw,© OpenStreetMap contributors,Open Database License,https://www.openstreetmap.org/copyright
114.17028866708279,22.32115107567618,0.11058273174041511,"McDonald's, Mong Kok Road, Mong Kok, Central and Western, Hong Kong, China",22.3211508,114.1702897,McDonald's,,Mong Kok Road,Yau Tsim Mong District,Mong Kok,,,Kowloon,Central and Western,Hong Kong,,China,cn,© OpenStreetMap contributors,Open Database License,https://www.openstreetmap.org/copyright
116.36780776083471,39.910317963300464,0.13790573341952966,"McDonald's, N. Xidan Str, Sidan, 100032 Beijing, China",39.9103171,116.3678066,McDonald's,,N. Xidan Str,西长安街街道,Sidan,100032,,Xicheng District,,Beijing,,China,cn,© OpenStreetMap contributors,Open Database License,https://www.openstreetmap.org/copyright
126.9765418767929,37.56253646719183,11.102273964881224,"70-1 Sejong-daero, Sogong-dong, Seoul, 04526, South Korea",37.56243415,126.97668827846462,,70-1,Sejong-daero,,Sogong-dong,04526,,Seoul,,,,South Korea,kr,© OpenStreetMap contributors,Open Database License,https://www.openstreetmap.org/copyright
128.5367318987846,35.844419270340175,0.8244753925351236,"Starbucks, Waryong-ro, Dalseo-gu, Daegu, Daegu 42730, South Korea",35.8444119,128.5367309,Starbucks,,Waryong-ro,Dalseo-gu,,42730,,Daegu,Dalseo,Daegu,,South Korea,kr,© OpenStreetMap contributors,Open Database License,https://www.openstreetmap.org/copyright
139.70546633005142,35.65645229278417,5.831323003582902,"Starbucks, Meiji-dori Avenue, Shibuya 3-chome, Shibuya, Tokyo 150-0002, Japan",35.6564007,139.7054779,Starbucks,,Meiji-dori Avenue,Shibuya,Shibuya 3-chome,150-0002,,Shibuya,Shibuya,Tokyo,,Japan,jp,© OpenStreetMap contributors,Open Database License,https://www.openstreetmap.org/copyright
126.52955409139393,33.49967555978481,0,"BaskinRabins, 224 Jungang-ro, Jeju, 63208, South Korea",33.49966885,126.52955748527341,BaskinRabins,224,Jungang-ro,,,63208,,Jeju,Jeju,,,South Korea,kr,© OpenStreetMap contributors,Open Database License,https://www.openstreetmap.org/copyright
135.5066253617406,34.67892090977419,2.0723692529090334,"McDonald's, Sakaisuji, Chuo, Osaka, Osaka Prefecture 541-0043, Japan",34.6789101,135.5066069,McDonald's,,Sakaisuji,,Chuo,541-0043,,Osaka,Osaka Prefecture,Osaka Prefecture,,Japan,jp,© OpenStreetMap contributors,Open Database License,https://www.openstreetmap.org/copyright
138.58781330287457,-34.923375782379246,0,"McDonald's, West Terrace, Adelaide SA 5000, Australia",-34.923392050000004,138.58781599016407,McDonald's,,West Terrace,,Adelaide,5000,,Adelaide,Adelaide City Council,South Australia,SA,Australia,au,© OpenStreetMap contributors,Open Database License,https://www.openstreetmap.org/copyright
151.22155487537384,-33.87630920507449,0,"Top of Town, 227 Victoria Street, Darlinghurst NSW 2010, Australia",-33.8764601,151.22156945602296,Top of Town,227,Victoria Street,,Darlinghurst,2010,,Sydney,,New South Wales,NSW,Australia,au,© OpenStreetMap contributors,Open Database License,https://www.openstreetmap.org/copyright
144.95422482490537,-37.81871003851634,0,"Liberty Tower, 620 Collins Street, Melbourne VIC 3000, Australia",-37.81866625,144.9543683,Liberty Tower,620,Collins Street,,Melbourne,3000,,Melbourne,,Victoria,VIC,Australia,au,© OpenStreetMap contributors,Open Database License,https://www.openstreetmap.org/copyright
153.03094826638699,-27.515133337780018,0,"KFC, Chester Road, Annerley QLD 4103, Australia",-27.51513875,153.0309415668155,KFC,,Chester Road,,Annerley,4103,,Brisbane City,,Queensland,QLD,Australia,au,© OpenStreetMap contributors,Open Database License,https://www.openstreetmap.org/copyright
115.85744708776474,-31.953235284745496,0.30306898831014933,"McDonald's, William Street, Perth WA 6000, Australia",-31.9532353,115.8574503,McDonald's,,William Street,Perth,Perth,6000,,Perth,City of Perth,Western Australia,WA,Australia,au,© OpenStreetMap contributors,Open Database License,https://www.openstreetmap.org/copyright
174.77589469403028,-41.290685730225356,0.025761953345848528,"McDonald's, 75 Manners Street, Te Aro, Wellington 6011, New Zealand",-41.2906858,174.7758944,McDonald's,75,Manners Street,Wellington,Te Aro,6011,,Wellington,Wellington City,Wellington,WGN,New Zealand,nz,© OpenStreetMap contributors,Open Database License,https://www.openstreetmap.org/copyright
172.63483643531796,-43.53806784934074,0,"South City Shopping Centre, 555 Colombo Street, Central City, Christchurch 8014, New Zealand",-43.53854035,172.63535972273428,South City Shopping Centre,555,Colombo Street,,Central City,8014,,Christchurch,Christchurch City,Canterbury,CAN,New Zealand,nz,© OpenStreetMap contributors,Open Database License,https://www.openstreetmap.org/copyright
46.712031215429306,24.6549545311127,0.3761747094838539,"Dominos pizza, Abdul Aziz Bin Musaed Bin Julowi St., Al Murabba District, Riyadh 3285, Saudi Arabia",24.6549575,46.712033,Dominos pizza,,Abdul Aziz Bin Musaed Bin Julowi St.,,Al Murabba District,3285,,Riyadh,Ar-Riyad,Riyadh Region,,Saudi Arabia,sa,© OpenStreetMap contributors,Open Database License,https://www.openstreetmap.org/copyright
55.306378081440926,25.26840275587365,0.13858290951727714,"29454 95744 Al Maktoum Street, Dubai, United Arab Emirates",25.268404,55.306378,,29454 95744,Al Maktoum Street,,,63114,,Dubai,Dubai,Dubai,,United Arab Emirates,ae,© OpenAddresses contributors,BSD-3-Clause License,
-21.960428059101105,64.15052604546649,0,"JL húsið, Hringbraut 121, 101 Reykjavik, Iceland",64.1507282,-21.960735232179296,JL húsið,121,Hringbraut,,Miðborg,101,,Reykjavik,Capital Region,,,Iceland,is,© OpenStreetMap contributors,Open Database License,https://www.openstreetmap.org/copyright
30.52287608385086,50.439357833255144,4.6542102962956555,"Esplanadna Street, 2, Клов, Kyiv, 01023, Ukraine",50.43947034999999,30.52279907367066,,2,Esplanadna Street,Pecherskyi district,Клов,01023,,Kyiv,,,,Ukraine,ua,© OpenStreetMap contributors,Open Database License,https://www.openstreetmap.org/copyright
24.752194583415985,59.43448283517441,0,"Teatri väljak 1, 10143 Tallinn, Estonia",59.434352000000004,24.752396806252758,,1,Teatri väljak,,Kesklinna linnaosa,10143,,Tallinn,Harju maakond,,,Estonia,ee,© OpenStreetMap contributors,Open Database License,https://www.openstreetmap.org/copyright